Industry,Average_Hourly_Pay_Difference,"('Ordinary Time Hourly Earnings', 'Female')","('Ordinary Time Hourly Earnings', 'Male')","('Overtime Hourly Earnings', 'Female')","('Overtime Hourly Earnings', 'Male')","('Total (Ordinary Time + Overtime) Hourly Earnings', 'Female')","('Total (Ordinary Time + Overtime) Hourly Earnings', 'Male')","('Average Total (Ordinary Time + Overtime) Weekly Hours Paid', 'Female')","('Average Total (Ordinary Time + Overtime) Weekly Hours Paid', 'Male')","('Average Weekly Ordinary Time Hours Paid', 'Female')","('Average Weekly Ordinary Time Hours Paid', 'Male')","('Average Weekly Overtime Hours Paid', 'Female')","('Average Weekly Overtime Hours Paid', 'Male')","('Number of Full-Time Paid Employees', 'Female')","('Number of Full-Time Paid Employees', 'Male')","('Number of Part-Time Paid Employees', 'Female')","('Number of Part-Time Paid Employees', 'Male')","('Number of Working Proprietors', 'Female')","('Number of Working Proprietors', 'Male')","('Total Number of People in Employment', 'Female')","('Total Number of People in Employment', 'Male')","('Number of Full-Time Equivalent Employees', 'Female')","('Number of Full-Time Equivalent Employees', 'Male')",Total Gross Earnings
Accommodation and Food Services,,16.62,17.89,29.97,23.83,16.7,17.93,25.3,29.11,25.15,28.9,0.14,0.2,24600,20800,41300,20800,5700,6600,71600,48200,45200,31200,49573300
Accommodation and Food Services,,16.89,18.44,30.48,26.7,16.94,18.48,23.77,28.15,23.68,28.03,0.09,0.12,24500,21100,44000,22100,6300,7400,74800,50600,46500,32100,50043400
Accommodation and Food Services,,17.16,18.93,30.39,24.25,17.2,18.95,22.85,28.03,22.78,27.91,0.07,0.12,24500,20900,45300,22000,6200,7900,76000,50800,47200,31900,50228100
Accommodation and Food Services,,17.36,18.9,23.53,24.1,17.41,18.93,24.49,28.78,24.28,28.59,0.21,0.18,24700,20900,47600,23300,6300,7400,78600,51600,48500,32500,54896500
Accommodation and Food Services,,17.33,18.73,21.37,21.99,17.36,18.76,24.91,28.44,24.7,28.24,0.21,0.2,26300,22200,49000,23400,7400,8600,82700,54200,50800,33900,56873700
Accommodation and Food Services,,17.68,19.0,32.02,23.43,17.78,19.03,24.24,28.1,24.08,27.91,0.16,0.19,24300,20600,44800,22900,6500,7700,75600,51100,46700,32000,53015100
Accommodation and Food Services,,17.79,19.24,30.69,23.49,17.85,19.27,23.93,28.3,23.82,28.13,0.11,0.17,25300,20700,46000,24100,8100,7900,79400,52700,48300,32700,54865600
Accommodation and Food Services,,18.03,19.38,29.81,23.54,18.14,19.41,24.26,27.67,24.04,27.45,0.23,0.21,26000,21600,49800,25700,7200,7400,83000,54700,50900,34400,58757800
Accommodation and Food Services,,18.25,19.73,25.01,21.67,18.33,19.75,25.3,28.57,24.99,28.26,0.3,0.32,28400,23600,49500,25200,6400,7800,84200,56700,53100,36200,63645700
Accommodation and Food Services,,18.38,20.12,30.54,26.82,18.46,20.17,23.92,28.39,23.76,28.2,0.16,0.19,27300,24300,50500,25300,5800,7400,83700,57100,52600,37000,62776300
Accommodation and Food Services,,18.5,20.08,33.36,28.43,18.58,20.12,23.96,27.09,23.84,26.96,0.12,0.13,27400,23300,51700,29600,5600,7000,84800,59900,53300,38100,64088800
Accommodation and Food Services,,18.32,19.86,30.31,26.04,18.39,19.91,24.17,29.26,24.03,29.06,0.14,0.2,28800,24500,54200,28100,5300,7100,88300,59700,55900,38500,67476500
Accommodation and Food Services,,18.29,19.56,30.03,28.87,18.37,19.62,24.15,28.91,23.98,28.71,0.17,0.2,32300,25700,56200,28700,6700,7500,95200,62000,60400,40100,70160800
Accommodation and Food Services,,18.73,20.29,32.03,31.96,18.82,20.35,23.92,28.43,23.77,28.28,0.15,0.15,30800,25700,55400,30100,6300,8000,92500,63800,58500,40700,71070700
Accommodation and Food Services,,18.51,20.2,30.01,30.02,18.57,20.26,24.82,26.87,24.69,26.73,0.12,0.15,31700,26700,50200,30200,7200,8200,89100,65100,56800,41800,68721100
Accommodation and Food Services,,18.61,20.57,30.19,28.36,18.7,20.64,24.42,28.88,24.22,28.64,0.2,0.24,31300,25600,54200,24900,8100,9200,93700,59700,58400,38000,69148600
Accommodation and Food Services,,18.77,20.53,32.47,33.11,18.92,20.67,27.07,30.21,26.76,29.88,0.31,0.33,32000,25700,49600,25700,7400,8900,89000,60300,56800,38600,73901400
Accommodation and Food Services,,19.2,21.15,29.35,32.37,19.26,21.2,24.48,28.35,24.33,28.22,0.15,0.13,30900,24200,49500,24300,7500,8600,87900,57200,55600,36400,67046700
Accommodation and Food Services,,19.33,21.53,25.72,25.28,19.38,21.56,25.19,29.14,24.99,28.9,0.2,0.24,31900,25900,47700,24600,7900,9000,87500,59500,55800,38200,70588200
Accommodation and Food Services,,19.2,22.08,31.55,27.25,19.29,22.12,24.91,30.05,24.71,29.82,0.2,0.24,30500,24600,51100,23900,8000,8500,89500,57000,56000,36600,71428700
All Industries,,26.13,29.9,24.2,31.12,26.1,29.94,29.78,36.78,29.32,35.56,0.46,1.22,494700,671000,329500,134300,48500,82900,872700,888200,659500,738200,1527566400
All Industries,,26.13,30.0,24.88,30.5,26.12,30.02,29.55,36.69,29.21,35.58,0.35,1.11,510000,685000,335600,133400,48400,79500,894000,897900,677800,751700,1554173800
All Industries,,26.49,30.43,27.34,31.68,26.49,30.46,29.04,36.3,28.75,35.32,0.29,0.97,504400,676600,342600,135400,52600,83600,899600,895600,675700,744300,1549430000
All Industries,,26.58,30.64,24.02,31.63,26.55,30.67,29.31,36.41,28.94,35.31,0.38,1.1,510300,686500,348300,136600,44500,80200,903100,903200,684400,754800,1587130200
All Industries,,26.55,30.65,24.72,30.8,26.53,30.65,29.89,36.79,29.49,35.64,0.4,1.15,521600,702000,330200,134400,48500,83300,900300,919800,686700,769200,1618564400
All Industries,,26.76,30.93,26.1,31.7,26.75,30.95,29.67,36.69,29.33,35.68,0.34,1.01,518600,699600,345800,137000,44800,79600,909100,916300,691400,768100,1635958300
All Industries,,27.07,31.18,25.62,32.08,27.05,31.2,29.39,36.46,29.07,35.52,0.32,0.95,516300,694700,348100,138400,48500,80100,912900,913200,690300,763900,1635142400
All Industries,,27.14,31.3,26.68,31.88,27.14,31.31,29.63,36.7,29.3,35.66,0.33,1.04,527300,705800,355300,139900,45100,81400,927800,927100,705000,775700,1681627400
All Industries,,27.29,31.3,26.39,31.68,27.27,31.31,29.77,36.54,29.41,35.51,0.36,1.02,532300,720400,342700,141300,43600,80300,918600,942000,703600,791100,1696300700
All Industries,,27.37,31.53,30.05,33.16,27.39,31.57,29.47,36.63,29.21,35.66,0.26,0.97,537600,717200,355200,147000,45500,78700,938300,943000,715200,790700,1720030300
All Industries,,27.56,31.67,31.04,33.57,27.59,31.72,29.59,36.31,29.33,35.38,0.26,0.93,536700,715000,351900,150400,45600,81700,934200,947200,712600,790200,1722112900
All Industries,,27.51,31.68,29.66,32.98,27.53,31.72,29.68,36.72,29.39,35.73,0.29,0.99,545400,725200,367900,147600,46100,82800,959300,955700,729300,799000,1762871000
All Industries,,27.76,31.68,30.55,33.14,27.8,31.72,30.01,36.67,29.64,35.65,0.36,1.03,541800,744700,346300,146700,45300,82000,933400,973400,715000,818100,1777763100
All Industries,,28.03,31.82,31.62,33.38,28.07,31.86,29.66,36.77,29.36,35.69,0.31,1.08,548000,739400,366500,153100,45500,85300,960000,977800,731300,816000,1807263200
All Industries,,28.38,32.21,31.92,34.29,28.41,32.27,29.8,36.56,29.53,35.59,0.27,0.96,556000,737800,352200,147800,48000,86000,956200,971500,732100,811700,1813378900
All Industries,,28.63,32.41,31.3,34.71,28.66,32.48,29.78,37.2,29.48,36.12,0.3,1.07,559700,749000,363200,139500,48600,88800,971400,977300,741200,818700,1860833200
All Industries,,28.85,32.74,31.85,34.92,28.89,32.81,30.42,37.1,30.06,35.98,0.36,1.11,564800,759300,335000,133800,48600,87800,948300,980900,732300,826200,1877670500
All Industries,,28.98,32.71,32.66,35.52,29.02,32.79,29.96,37.24,29.64,36.2,0.31,1.05,570500,761100,355700,141700,47600,84400,973800,987200,748300,831900,1907445200
All Industries,,29.25,33.13,32.15,34.54,29.27,33.16,29.93,36.98,29.64,36.06,0.28,0.92,572900,753600,353700,141000,47100,82900,973700,977500,749700,824100,1908790900
All Industries,,29.45,33.51,31.97,36.04,29.47,33.58,29.85,37.28,29.55,36.24,0.31,1.05,582000,760000,364700,136700,49000,82300,995600,979100,764300,828400,1955658900
"Arts, Recreation and Other Services",,22.3,25.25,25.71,27.32,22.32,25.28,24.28,32.47,24.17,32.04,0.11,0.43,23100,31200,25800,10900,7800,6300,56700,48500,36000,36700,61083500
"Arts, Recreation and Other Services",,22.93,25.29,23.86,29.69,22.94,25.35,23.96,33.19,23.89,32.68,0.08,0.51,23200,31000,25600,9800,6900,6400,55700,47200,36000,35900,61162700
"Arts, Recreation and Other Services",,22.5,25.71,21.63,31.82,22.5,25.78,24.2,33.32,24.11,32.94,0.09,0.39,23200,31100,24700,8900,6500,6000,54400,45900,35500,35500,60387700
"Arts, Recreation and Other Services",,22.38,26.36,19.89,32.77,22.34,26.44,24.29,32.15,23.96,31.75,0.33,0.4,23300,31100,26100,10800,3900,6000,53300,47800,36400,36500,62413500
"Arts, Recreation and Other Services",,22.53,25.72,24.14,30.25,22.53,25.78,24.98,33.68,24.87,33.18,0.11,0.5,25500,32500,25200,9900,4700,6900,55400,49300,38100,37500,65384700
"Arts, Recreation and Other Services",,22.44,25.71,26.04,30.55,22.46,25.78,24.28,32.42,24.18,31.96,0.1,0.46,24200,30600,25700,10100,4500,6400,54400,47200,37100,35700,61271600
"Arts, Recreation and Other Services",,23.68,26.75,22.07,30.02,23.68,26.79,24.46,32.74,24.34,32.36,0.12,0.37,22200,30900,24600,8800,4300,6000,51100,45700,34500,35300,61917800
"Arts, Recreation and Other Services",,23.21,26.9,24.19,31.97,23.22,26.97,24.69,32.97,24.57,32.53,0.12,0.44,23600,31300,25800,9300,4600,6100,54000,46700,36500,35900,64408400
"Arts, Recreation and Other Services",,23.43,26.81,23.4,32.11,23.43,26.88,25.55,32.78,25.4,32.37,0.15,0.41,25500,31100,25600,9400,4000,5400,55100,45900,38300,35700,66181500
"Arts, Recreation and Other Services",,23.26,27.11,22.83,34.82,23.26,27.22,24.24,32.67,24.15,32.22,0.08,0.46,25500,31500,26900,9400,5300,5100,57700,46000,39000,36200,65898900
"Arts, Recreation and Other Services",,23.34,27.75,21.66,37.85,23.33,27.9,24.33,32.36,24.24,31.89,0.09,0.47,24900,30600,28600,9800,5200,5200,58800,45600,39200,35500,66932700
"Arts, Recreation and Other Services",,23.46,27.95,26.43,36.15,23.47,28.05,25.36,32.64,25.28,32.24,0.08,0.41,25400,31300,29500,10500,5200,5400,60100,47200,40100,36600,70949600
"Arts, Recreation and Other Services",,23.39,27.81,26.61,33.54,23.41,27.88,25.22,33.11,25.09,32.68,0.12,0.43,26400,32000,28100,9700,4700,4500,59100,46100,40400,36800,70547200
"Arts, Recreation and Other Services",,23.38,28.66,28.48,34.29,23.39,28.76,25.62,31.81,25.54,31.27,0.08,0.53,24600,32000,26100,9500,5200,5000,56000,46500,37700,36700,68344500
"Arts, Recreation and Other Services",,24.38,28.85,26.42,35.78,24.38,28.94,25.18,32.26,25.08,31.87,0.09,0.4,26800,31900,24500,9700,5500,5400,56800,47100,39100,36800,70413300
"Arts, Recreation and Other Services",,24.67,28.85,27.3,34.25,24.68,28.92,24.81,32.5,24.73,32.05,0.08,0.45,25600,31800,26600,10300,5600,6200,57800,48400,38900,37000,71579600
"Arts, Recreation and Other Services",,24.55,29.16,27.37,34.87,24.57,29.24,26.32,32.62,26.21,32.16,0.11,0.45,26500,33000,23600,9400,4800,6100,54800,48500,38300,37700,72828700
"Arts, Recreation and Other Services",,24.64,29.62,26.8,36.98,24.65,29.72,25.4,32.91,25.33,32.48,0.08,0.43,26700,32100,25000,9500,4000,5600,55700,47300,39200,36900,73101800
"Arts, Recreation and Other Services",,25.04,28.69,32.44,37.07,25.06,28.78,25.74,34.08,25.66,33.69,0.08,0.4,26900,33000,24000,9200,4200,5900,55000,48100,38900,37600,74229000
"Arts, Recreation and Other Services",,25.43,29.39,26.33,36.06,25.43,29.47,24.87,33.16,24.75,32.79,0.12,0.37,24400,34000,26100,9700,4900,5900,55400,49500,37500,38800,74625600
Construction,,25.11,26.13,27.54,34.03,25.14,26.44,31.9,40.3,31.42,38.68,0.49,1.62,9400,90400,4700,7000,6000,15300,20100,112800,11700,93900,115123900
Construction,,25.3,26.3,28.61,31.8,25.35,26.54,30.26,40.32,29.82,38.58,0.44,1.73,9700,92900,5000,5400,6300,14200,21000,112500,12200,95600,116436000
Construction,,26.2,25.99,29.26,35.27,26.24,26.33,31.25,39.92,30.84,38.47,0.41,1.45,9300,94500,4800,5400,6500,16100,20600,115900,11700,97200,116494900
Construction,,26.35,26.5,29.76,35.49,26.38,26.86,30.56,40.38,30.23,38.75,0.33,1.63,9700,96300,4700,3900,6100,15800,20600,116100,12100,98300,120347600
Construction,,25.45,26.71,29.44,34.62,25.49,27.04,31.48,40.45,31.15,38.77,0.33,1.68,10100,100500,4700,5800,6700,15500,21500,121900,12500,103400,128209700
Construction,,25.15,26.83,30.56,36.02,25.21,27.15,29.81,40.2,29.48,38.79,0.33,1.41,10500,101300,5700,6300,6100,14900,22300,122400,13400,104400,129585700
Construction,,25.03,27.23,29.38,35.52,25.07,27.51,30.22,39.83,29.94,38.47,0.28,1.37,11400,103700,6100,7100,6900,16500,24500,127300,14500,107200,134709000
Construction,,25.11,27.09,27.54,35.68,25.14,27.38,29.87,40.7,29.53,39.31,0.35,1.39,11700,109200,7100,5800,6200,16400,25000,131400,15300,112100,142288100
Construction,,24.22,27.31,27.42,35.38,24.26,27.6,30.25,40.73,29.9,39.25,0.36,1.48,13100,105200,7600,7800,6800,16700,27600,129700,16900,109100,142276700
Construction,,25.09,27.85,27.91,35.56,25.12,28.11,31.16,41.06,30.83,39.69,0.32,1.37,13900,104100,6800,7700,6700,15500,27400,127300,17300,107900,145197700
Construction,,25.57,27.77,27.84,37.53,25.6,28.09,30.77,40.6,30.38,39.26,0.39,1.34,12700,103100,7200,7200,6300,17200,26100,127500,16200,106700,141440200
Construction,,24.93,27.73,28.01,36.03,24.96,27.96,28.42,40.13,28.14,39.03,0.28,1.1,14400,110700,9900,8500,6400,17600,30700,136700,19300,114900,150905400
Construction,,25.19,27.97,31.28,36.65,25.27,28.29,30.45,40.07,30.05,38.58,0.41,1.49,16100,116800,7800,8200,7100,17400,30900,142300,19900,120900,160015000
Construction,,24.79,28.48,26.79,36.92,24.82,28.77,29.89,40.02,29.49,38.66,0.4,1.35,14900,115900,8900,8200,7600,17500,31400,141500,19300,119900,160594600
Construction,,25.81,28.83,31.08,39.0,25.85,29.18,29.76,39.8,29.51,38.43,0.25,1.38,15400,114400,8900,8600,7000,17500,31200,140500,19800,118700,161473100
Construction,,26.12,28.8,31.73,40.32,26.19,29.22,31.14,41.43,30.75,39.91,0.39,1.52,14200,115800,8300,6000,7300,17500,29900,139400,18400,118800,165925500
Construction,,25.67,29.42,19.38,40.08,25.55,29.82,32.11,40.8,31.53,39.26,0.58,1.54,14400,115000,8700,4300,8100,17200,31200,136500,18700,117100,164055400
Construction,,26.53,29.35,20.19,38.22,26.18,29.67,32.91,40.92,31.1,39.42,1.81,1.49,15500,117700,7500,4200,7800,17700,30800,139600,19300,119800,167821400
Construction,,27.28,29.76,24.42,37.44,27.24,29.98,30.36,40.54,29.91,39.34,0.45,1.2,15000,116900,8700,4600,8400,17700,32100,139100,19300,119200,167260400
Construction,,27.23,30.06,19.99,39.77,27.11,30.44,29.95,41.15,29.45,39.57,0.5,1.58,17200,121300,8800,5800,8100,16600,34200,143700,21600,124200,180303500
Education and Training,,32.76,37.21,28.02,27.36,32.75,37.17,29.62,32.84,29.59,32.69,0.03,0.15,59800,31200,30100,7500,900,400,90800,39100,74900,34900,134484100
Education and Training,,31.19,36.44,29.59,26.37,31.19,36.4,28.91,31.28,28.89,31.14,0.02,0.14,65900,33000,40500,11000,1100,500,107500,44400,86100,38500,145976800
Education and Training,,31.68,36.84,30.57,28.06,31.68,36.8,28.38,30.26,28.36,30.15,0.02,0.12,65600,33500,42200,12600,1200,500,109000,46500,86700,39800,148177800
Education and Training,,31.35,36.47,30.23,28.2,31.35,36.44,28.26,30.35,28.24,30.23,0.02,0.12,67400,33500,43400,11900,1100,600,111800,46000,89100,39500,148408000
Education and Training,,31.99,37.48,33.52,26.21,31.99,37.43,30.97,32.96,30.95,32.82,0.02,0.15,63700,32100,27200,7400,900,600,91800,40200,77300,35900,138891200
Education and Training,,31.55,36.66,37.54,27.48,31.56,36.62,29.36,31.68,29.34,31.55,0.02,0.13,66300,33400,40700,11100,600,500,107600,45000,86600,38900,150734500
Education and Training,,31.81,36.4,33.71,27.45,31.81,36.37,29.12,32.0,29.11,31.88,0.01,0.13,67900,35300,42100,10800,600,400,110700,46500,89000,40800,155654300
Education and Training,,31.6,36.76,34.89,27.98,31.6,36.72,30.02,32.49,30.0,32.35,0.01,0.14,70500,36100,42100,10400,900,500,113500,47000,91600,41300,162306100
Education and Training,,32.9,38.46,36.33,27.43,32.9,38.42,30.79,32.75,30.76,32.61,0.02,0.14,64900,33500,27400,7400,600,600,93000,41400,78600,37200,144944400
Education and Training,,32.34,37.65,31.91,30.66,32.34,37.62,29.06,31.14,29.05,31.02,0.01,0.12,69400,35500,40900,10200,600,800,110900,46500,89800,40600,157148700
Education and Training,,32.53,37.8,31.28,24.39,32.53,37.71,29.32,30.81,29.3,30.61,0.02,0.19,70400,36100,38500,10600,1000,900,109900,47600,89700,41400,158155400
Education and Training,,32.49,38.64,25.98,27.18,32.48,38.59,29.79,31.07,29.74,30.93,0.05,0.14,71200,35500,38600,10000,1200,700,111000,46200,90500,40500,160790200
Education and Training,,34.33,40.83,35.14,23.6,34.33,40.7,29.67,31.62,29.65,31.37,0.02,0.25,60100,31200,27400,6800,900,700,88400,38700,73800,34600,138100900
Education and Training,,34.03,39.86,33.01,28.99,34.02,39.81,28.69,30.19,28.67,30.04,0.02,0.15,65400,34200,39400,10200,900,700,105700,45000,85100,39200,155616900
Education and Training,,33.95,40.07,39.38,29.32,33.95,40.03,28.92,31.21,28.91,31.09,0.01,0.13,68400,34000,39100,10000,1100,700,108600,44700,87900,39000,160488000
Education and Training,,33.64,40.15,38.05,29.02,33.64,40.1,29.39,31.47,29.37,31.33,0.02,0.13,70100,34600,38400,9200,900,700,109400,44500,89300,39200,162597200
Education and Training,,34.21,40.47,31.75,27.92,34.21,40.39,30.64,32.13,30.62,31.93,0.03,0.21,67800,35100,25500,6400,1200,600,94500,42100,80600,38300,151707500
Education and Training,,33.81,39.48,31.55,29.02,33.81,39.43,28.96,30.9,28.94,30.74,0.02,0.15,71800,36300,41300,11100,900,500,114000,47900,92500,41800,168478700
Education and Training,,34.23,40.56,31.41,28.07,34.23,40.5,28.71,30.99,28.69,30.86,0.02,0.13,70500,34500,42200,11400,1100,700,113800,46600,91600,40200,168336400
Education and Training,,33.78,40.12,35.08,28.14,33.79,40.06,28.81,31.64,28.79,31.49,0.03,0.15,71100,35200,42800,10400,1100,500,115100,46200,92500,40500,168838800
"Electricity, Gas, Water and Waste Services",,30.46,36.58,28.44,37.17,30.43,36.6,35.66,39.65,35.08,38.5,0.58,1.15,2800,8900,600,600,100,200,3500,9600,3100,9100,17393300
"Electricity, Gas, Water and Waste Services",,30.54,37.37,32.17,41.49,30.56,37.48,35.3,39.98,34.89,38.92,0.41,1.05,2900,8900,600,600,100,200,3700,9700,3300,9200,18082600
"Electricity, Gas, Water and Waste Services",,31.78,37.66,26.95,35.36,31.74,37.59,35.51,40.68,35.21,39.34,0.3,1.34,2800,9000,600,500,100,200,3500,9700,3100,9200,18390500
"Electricity, Gas, Water and Waste Services",,31.7,39.06,28.72,37.26,31.67,38.97,35.15,40.91,34.84,38.83,0.31,2.09,3200,9200,700,600,100,200,3900,9900,3500,9500,19855200
"Electricity, Gas, Water and Waste Services",,31.61,39.48,28.53,36.03,31.56,39.32,35.73,40.19,35.11,38.34,0.62,1.85,3100,9200,600,700,100,200,3800,10100,3400,9600,19770900
"Electricity, Gas, Water and Waste Services",,31.86,39.34,26.53,35.77,31.79,39.2,35.85,39.96,35.44,38.42,0.42,1.54,3200,9400,600,600,100,200,3800,10200,3400,9700,19903600
"Electricity, Gas, Water and Waste Services",,32.17,39.62,27.23,36.09,32.12,39.49,35.88,40.52,35.49,38.96,0.39,1.56,3200,9400,600,400,100,200,3900,10000,3500,9600,19988600
"Electricity, Gas, Water and Waste Services",,32.22,39.9,30.63,42.55,32.2,39.97,35.61,39.63,35.34,38.54,0.27,1.09,3300,9400,700,500,100,200,4000,10100,3600,9600,20167500
"Electricity, Gas, Water and Waste Services",,32.56,40.15,30.05,40.09,32.54,40.14,35.26,39.89,34.96,38.71,0.3,1.18,3100,9500,700,500,100,200,3900,10100,3400,9700,20224000
"Electricity, Gas, Water and Waste Services",,33.03,40.11,28.1,38.99,32.98,40.07,34.44,40.55,34.14,38.92,0.3,1.62,3100,9400,700,500,100,200,3800,10100,3400,9700,20367500
"Electricity, Gas, Water and Waste Services",,33.32,40.24,31.78,45.65,33.31,40.37,35.07,40.19,34.84,39.27,0.23,0.91,3100,9400,700,400,100,200,3900,10000,3500,9600,20317600
"Electricity, Gas, Water and Waste Services",,33.2,39.85,32.06,43.81,33.19,39.94,35.66,40.15,35.38,39.3,0.28,0.85,3100,9500,600,600,100,200,3800,10300,3400,9800,20622400
"Electricity, Gas, Water and Waste Services",,33.14,39.94,29.24,43.43,33.12,40.02,36.17,40.24,35.93,39.34,0.24,0.89,3000,9600,600,500,100,200,3700,10400,3300,9900,20717500
"Electricity, Gas, Water and Waste Services",,33.12,39.49,29.12,36.4,33.09,39.37,35.97,39.69,35.72,38.24,0.25,1.45,3100,9800,700,900,100,200,4000,11000,3500,10300,21465300
"Electricity, Gas, Water and Waste Services",,32.97,40.35,28.66,37.37,32.94,40.24,36.46,40.36,36.21,38.93,0.25,1.43,3300,10200,700,600,100,200,4100,11000,3600,10500,22245100
"Electricity, Gas, Water and Waste Services",,35.68,40.97,30.85,42.73,35.63,41.03,36.78,41.01,36.43,39.62,0.35,1.39,3300,10300,700,600,100,200,4200,11100,3700,10600,23726900
"Electricity, Gas, Water and Waste Services",,34.9,41.73,30.65,37.12,34.86,41.58,35.06,39.75,34.73,38.46,0.32,1.3,3400,10600,800,700,100,200,4300,11500,3800,10900,23769400
"Electricity, Gas, Water and Waste Services",,34.3,40.58,29.39,44.92,34.26,40.67,35.66,40.37,35.38,39.57,0.28,0.8,3600,10800,900,500,200,200,4600,11600,4000,11100,24097300
"Electricity, Gas, Water and Waste Services",,34.54,41.13,34.93,44.95,34.54,41.21,35.73,40.32,35.59,39.52,0.14,0.79,3600,10800,800,500,200,200,4600,11500,4000,11100,24243200
"Electricity, Gas, Water and Waste Services",,34.92,41.55,38.12,46.02,34.93,41.65,35.58,39.74,35.43,38.83,0.15,0.91,3700,10800,700,400,100,100,4600,11300,4100,11000,23998200
Financial and Insurance Services,,32.91,51.9,37.81,34.2,32.95,51.79,34.47,36.65,34.18,36.44,0.29,0.22,25400,19100,6000,1600,500,1600,31900,22300,28400,19900,75005400
Financial and Insurance Services,,33.83,52.96,35.0,41.25,33.84,52.91,33.9,36.63,33.64,36.48,0.26,0.16,25300,19500,5900,1500,500,1600,31800,22500,28300,20200,76449500
Financial and Insurance Services,,33.84,53.76,32.33,51.65,33.83,53.76,33.98,36.39,33.75,36.28,0.22,0.12,26100,19800,6100,1500,700,1700,32800,23000,29100,20500,78573800
Financial and Insurance Services,,34.38,54.21,32.12,41.04,34.37,54.1,35.19,37.05,34.99,36.74,0.2,0.31,25500,20400,5900,1600,600,1700,32000,23700,28500,21200,81986500
Financial and Insurance Services,,34.19,52.72,31.23,42.78,34.16,52.67,34.33,36.95,34.04,36.75,0.29,0.2,27200,21300,6600,1900,700,2100,34600,25300,30500,22300,84827600
Financial and Insurance Services,,34.49,53.24,33.57,33.8,34.49,53.1,34.49,37.18,34.21,36.92,0.28,0.26,27000,21400,6600,1900,700,2200,34200,25500,30300,22300,85900700
Financial and Insurance Services,,34.05,52.2,35.89,36.74,34.06,52.12,34.32,36.41,34.1,36.22,0.23,0.18,27600,21100,6200,1600,700,1600,34400,24300,30600,21900,82518200
Financial and Insurance Services,,34.44,52.36,34.91,38.39,34.44,52.28,33.63,35.82,33.44,35.61,0.19,0.21,27500,21500,6600,1900,700,1800,34800,25200,30800,22500,83405200
Financial and Insurance Services,,35.1,52.15,32.91,36.56,35.08,52.05,33.38,35.62,33.11,35.39,0.27,0.23,26200,21300,6400,2000,600,2000,33300,25300,29500,22300,81491600
Financial and Insurance Services,,35.35,52.36,35.54,45.63,35.35,52.34,34.69,36.78,34.43,36.64,0.27,0.14,26400,21600,6100,1900,500,2000,33000,25400,29400,22500,85010500
Financial and Insurance Services,,35.14,51.3,37.28,48.75,35.15,51.29,34.16,36.99,33.93,36.8,0.22,0.19,26300,22100,5800,1300,500,1900,32500,25400,29100,22800,82930800
Financial and Insurance Services,,35.37,50.25,29.67,31.09,35.33,50.14,34.01,36.51,33.79,36.3,0.22,0.21,26800,22200,5900,1500,500,2000,33200,25700,29700,23000,82757300
Financial and Insurance Services,,35.31,51.03,28.23,25.68,35.25,50.71,34.7,36.35,34.38,35.89,0.32,0.45,25900,22500,5800,1600,500,2000,32200,26100,28800,23300,83213300
Financial and Insurance Services,,35.69,51.33,31.6,32.7,35.66,51.11,34.11,36.66,33.81,36.23,0.3,0.44,26200,21600,6200,1300,400,2100,32800,24900,29300,22200,82227400
Financial and Insurance Services,,36.12,49.87,30.62,28.18,36.08,49.56,34.25,36.34,33.99,35.82,0.26,0.52,25800,20900,5900,2100,400,2200,32100,25200,28800,22000,80597900
Financial and Insurance Services,,35.99,50.87,33.82,37.72,35.97,50.76,34.44,36.41,34.2,36.13,0.24,0.28,25200,20600,5800,1500,400,2000,31400,24100,28100,21400,79327400
Financial and Insurance Services,,37.45,53.18,36.63,28.93,37.45,52.88,34.17,36.56,33.9,36.11,0.28,0.45,25100,21700,6200,1600,400,1800,31600,25200,28200,22500,85188300
Financial and Insurance Services,,38.04,53.54,39.16,37.75,38.05,53.4,33.79,36.67,33.51,36.36,0.28,0.32,25400,22100,5700,1600,400,1700,31500,25400,28200,22900,86377500
Financial and Insurance Services,,37.13,52.53,42.45,46.01,37.16,52.51,34.43,36.51,34.22,36.38,0.22,0.13,24300,21200,5700,1500,600,1500,30600,24200,27100,21900,81885000
Financial and Insurance Services,,38.39,53.32,38.73,53.12,38.39,53.32,34.19,36.25,33.92,36.09,0.27,0.16,24300,20900,5600,1900,500,1600,30400,24300,27100,21800,83262800
Forestry and Mining,,31.38,29.09,31.01,34.41,31.36,29.3,33.16,39.74,32.18,38.21,0.98,1.53,800,9000,300,600,200,600,1300,10200,900,9300,12264500
Forestry and Mining,,31.74,30.43,32.56,34.72,31.76,30.62,33.89,39.68,33.06,37.94,0.82,1.74,800,8500,300,1200,200,700,1400,10400,1000,9100,13044000
Forestry and Mining,,31.61,31.19,31.75,33.11,31.61,31.27,28.82,41.05,28.11,39.5,0.71,1.55,900,8400,500,600,200,600,1600,9600,1200,8700,12809600
Forestry and Mining,,29.89,31.56,31.28,28.5,29.92,31.36,29.79,42.05,28.99,39.33,0.8,2.73,900,7400,400,1100,100,500,1400,9000,1100,8000,12355900
Forestry and Mining,,31.38,32.35,32.37,28.55,31.42,32.11,32.79,40.72,31.41,38.16,1.38,2.56,900,7600,300,1000,200,700,1400,9300,1000,8100,12467100
Forestry and Mining,,30.32,32.08,29.29,30.58,30.3,32.01,32.54,41.52,31.77,39.54,0.77,1.98,900,7600,300,800,200,600,1400,9000,1000,8000,12251600
Forestry and Mining,,30.87,32.67,33.72,30.72,30.93,32.6,35.15,42.52,34.46,40.89,0.69,1.63,800,7100,200,500,200,500,1200,8000,900,7300,11593300
Forestry and Mining,,31.23,33.06,24.85,32.52,31.12,33.03,34.84,39.75,34.22,37.86,0.62,1.89,700,6500,200,1100,300,700,1200,8300,800,7100,10961700
Forestry and Mining,,30.1,32.99,31.88,31.5,30.16,32.92,24.63,40.1,23.85,38.09,0.79,2.01,700,6700,700,1100,400,600,1800,8400,1000,7200,11274100
Forestry and Mining,,28.4,32.7,29.37,32.3,28.43,32.68,16.9,40.97,16.4,38.86,0.5,2.11,700,7600,1600,300,400,700,2600,8700,1500,7800,11746300
Forestry and Mining,,27.96,32.45,33.55,30.64,28.09,32.38,18.71,36.5,18.26,35.09,0.45,1.41,800,7300,1200,1200,300,600,2300,9100,1400,7900,11104200
Forestry and Mining,,32.23,34.86,28.0,31.71,32.16,34.72,19.53,39.97,19.2,38.2,0.34,1.78,800,7400,1300,1400,300,600,2400,9400,1400,8100,13435400
Forestry and Mining,,26.85,31.26,28.57,31.68,26.89,31.28,26.19,37.67,25.65,35.58,0.54,2.09,800,7200,600,1800,400,700,1800,9600,1100,8000,11540000
Forestry and Mining,,36.43,33.45,25.69,32.72,36.07,33.4,31.19,42.39,30.13,39.79,1.07,2.6,1000,7700,400,1000,200,600,1600,9300,1200,8200,13912900
Forestry and Mining,,34.07,32.26,15.44,33.75,33.67,32.31,26.88,42.03,26.3,40.52,0.58,1.51,900,7600,600,800,300,700,1800,9200,1200,8000,12910100
Forestry and Mining,,33.88,33.22,18.8,30.95,33.24,33.08,28.3,43.14,27.1,40.5,1.2,2.63,900,7800,700,800,200,700,1700,9200,1200,8200,13667300
Forestry and Mining,,32.47,33.82,16.63,33.3,32.03,33.8,25.89,41.63,25.16,39.59,0.73,2.05,900,7300,800,600,300,700,2000,8600,1300,7600,12568600
Forestry and Mining,,31.32,33.82,25.33,31.98,31.2,33.7,29.06,43.06,28.51,40.44,0.55,2.62,900,7200,600,500,200,800,1700,8600,1200,7500,12663200
Forestry and Mining,,31.79,33.39,26.57,31.0,31.7,33.27,26.66,42.98,26.18,40.89,0.49,2.09,800,7100,800,700,200,600,1800,8500,1200,7500,12527400
Forestry and Mining,,30.97,33.14,28.85,31.71,30.89,33.04,27.84,44.34,26.85,41.19,0.99,3.15,900,7300,600,600,300,600,1800,8500,1200,7600,12927500
Health Care and Social Assistance,,27.08,39.38,41.73,49.93,27.21,39.54,28.41,32.13,28.16,31.65,0.26,0.48,89800,23300,84000,10500,3200,4300,177000,38200,131800,28600,177347700
Health Care and Social Assistance,,26.88,38.4,40.7,46.79,27.0,38.54,28.61,32.79,28.37,32.27,0.25,0.52,94200,24800,79400,8800,3800,3900,177500,37400,134000,29200,176575900
Health Care and Social Assistance,,27.0,39.31,42.28,50.12,27.14,39.48,28.31,31.98,28.06,31.5,0.25,0.49,93700,24600,82900,9600,4000,3900,180600,38100,135200,29400,178842900
Health Care and Social Assistance,,27.48,39.55,42.82,50.71,27.62,39.71,28.33,32.54,28.08,32.05,0.25,0.49,92600,24700,83800,9500,3500,3500,179900,37600,134500,29400,182170300
Health Care and Social Assistance,,27.43,39.81,37.9,45.76,27.55,39.91,28.55,32.75,28.23,32.15,0.32,0.59,95800,25400,81000,9400,3400,3300,180200,38200,136300,30100,184582800
Health Care and Social Assistance,,27.49,39.3,39.68,47.84,27.62,39.44,28.36,33.4,28.06,32.86,0.31,0.54,94100,25600,87100,10100,3300,3000,184500,38700,137700,30600,189026800
Health Care and Social Assistance,,27.38,39.83,41.42,49.91,27.51,39.98,28.22,32.65,27.94,32.18,0.27,0.48,94700,25100,88200,10600,3800,3000,186600,38700,138800,30400,188509800
Health Care and Social Assistance,,27.84,40.3,42.03,49.8,27.97,40.44,28.07,32.88,27.81,32.41,0.26,0.47,95500,24800,88600,10600,3100,3700,187100,39000,139800,30100,191541000
Health Care and Social Assistance,,27.96,40.18,40.08,45.41,28.08,40.27,28.3,33.08,28.01,32.49,0.29,0.58,96300,25400,90600,11200,2600,3700,189500,40200,141600,30900,197211700
Health Care and Social Assistance,,27.74,39.39,41.0,47.25,27.86,39.5,28.36,32.91,28.1,32.42,0.27,0.48,96800,26000,90900,11200,3500,3800,191300,41000,142300,31600,196740600
Health Care and Social Assistance,,27.94,39.58,37.73,45.22,28.04,39.67,28.62,32.83,28.33,32.29,0.29,0.54,97600,26200,87800,10900,3800,3900,189300,41000,141500,31600,197074000
Health Care and Social Assistance,,27.78,38.83,36.82,43.25,27.86,38.9,28.58,33.27,28.3,32.75,0.28,0.51,100600,26200,90000,11300,3600,3700,194300,41300,145600,31900,200363900
Health Care and Social Assistance,,28.3,39.93,36.81,42.1,28.41,39.98,29.23,33.68,28.88,33.01,0.36,0.67,99600,27400,87500,11200,3000,4000,190100,42600,143400,33000,207264500
Health Care and Social Assistance,,28.36,40.35,42.66,51.32,28.52,40.55,28.95,33.61,28.63,33.02,0.32,0.59,99800,26200,89400,11500,2600,4100,191800,41700,144500,31900,207492500
Health Care and Social Assistance,,29.04,40.59,45.32,53.1,29.19,40.79,29.25,33.94,28.98,33.38,0.27,0.55,102400,26800,88700,11000,2800,4000,193900,41800,146700,32300,215480000
Health Care and Social Assistance,,29.32,40.71,42.66,49.51,29.44,40.85,29.2,33.75,28.93,33.18,0.27,0.56,104100,27700,88400,10900,2700,3900,195300,42500,148300,33100,218722200
Health Care and Social Assistance,,29.94,41.8,43.74,52.52,30.07,41.96,29.54,33.52,29.26,33.02,0.28,0.5,103700,26300,85200,11400,2900,3800,191800,41500,146400,32000,220860600
Health Care and Social Assistance,,29.75,41.67,44.84,56.03,29.88,41.88,29.31,33.74,29.05,33.23,0.26,0.51,103600,26900,88400,12200,2800,3400,194900,42500,147800,33000,223391000
Health Care and Social Assistance,,30.0,42.18,45.66,52.91,30.14,42.36,29.57,33.07,29.3,32.53,0.26,0.55,104100,27500,88300,12600,2300,3200,194700,43300,148200,33900,227705600
Health Care and Social Assistance,,30.64,41.51,45.82,55.6,30.79,41.72,29.8,33.65,29.5,33.14,0.3,0.51,104700,27900,85100,11800,2400,3300,192200,42900,147200,33700,229726500
Information Media and Telecommunications,,33.05,43.77,55.14,58.94,33.34,44.03,32.86,36.63,32.43,36.01,0.43,0.63,11700,14900,3700,1800,300,500,15600,17200,13500,15800,43742300
Information Media and Telecommunications,,32.26,41.22,53.23,59.35,32.48,41.51,33.27,36.7,32.91,36.12,0.36,0.58,11400,14000,3500,1900,200,400,15100,16400,13200,15000,40359900
Information Media and Telecommunications,,32.69,43.4,44.84,59.01,32.79,43.59,34.3,36.83,34.01,36.39,0.29,0.44,11000,14000,3500,1700,200,500,14700,16200,12800,14900,41485300
Information Media and Telecommunications,,32.96,43.55,45.24,55.99,33.07,43.72,33.0,35.92,32.72,35.43,0.29,0.49,11700,15100,3600,1900,300,400,15500,17300,13500,16000,43231800
Information Media and Telecommunications,,32.69,42.43,42.52,48.49,32.78,42.51,34.04,36.34,33.73,35.86,0.32,0.48,11200,13900,3100,1700,200,300,14500,16000,12700,14800,40092000
Information Media and Telecommunications,,32.89,43.12,43.58,50.46,33.01,43.25,34.23,37.23,33.82,36.56,0.41,0.66,10700,13300,3200,1700,100,400,14000,15400,12200,14100,39784600
Information Media and Telecommunications,,33.13,43.45,45.74,55.13,33.23,43.58,34.04,37.09,33.77,36.67,0.28,0.42,11000,13600,2900,1600,200,400,14100,15700,12500,14400,40440800
Information Media and Telecommunications,,33.58,44.47,41.93,50.79,33.65,44.55,34.01,37.29,33.72,36.84,0.29,0.44,11000,14100,3300,1600,200,500,14500,16200,12700,14900,42527100
Information Media and Telecommunications,,32.9,43.49,40.92,40.11,32.97,43.44,33.76,36.96,33.44,36.41,0.32,0.55,11500,15300,3500,1800,200,400,15200,17500,13300,16200,44123600
Information Media and Telecommunications,,33.56,43.56,34.05,46.87,33.56,43.62,33.57,38.22,33.27,37.56,0.3,0.66,11800,15100,3400,1800,100,400,15400,17300,13500,16000,45343100
Information Media and Telecommunications,,34.26,43.96,54.07,55.44,34.4,44.11,33.44,36.31,33.21,35.83,0.24,0.47,11200,12800,3300,1800,300,500,14800,15100,12800,13700,40005100
Information Media and Telecommunications,,34.32,45.33,58.4,61.12,34.49,45.51,33.46,36.79,33.23,36.37,0.23,0.42,11200,12600,3200,1900,200,400,14700,14900,12900,13500,40927300
Information Media and Telecommunications,,34.92,43.9,49.85,49.79,35.06,43.98,33.7,36.14,33.39,35.66,0.31,0.49,11000,12700,3300,2200,200,600,14500,15500,12700,13800,40596400
Information Media and Telecommunications,,35.85,45.08,55.61,56.34,35.99,45.24,33.25,36.88,33.01,36.37,0.25,0.51,11300,13100,3400,1800,200,700,14900,15700,12900,14100,42482000
Information Media and Telecommunications,,35.92,45.08,41.55,61.81,35.95,45.28,33.74,37.07,33.52,36.64,0.22,0.42,11200,12900,3200,1800,200,600,14600,15300,12800,13700,42015300
Information Media and Telecommunications,,36.01,44.45,50.37,67.98,36.11,44.68,32.98,36.39,32.74,36.03,0.24,0.36,11300,13400,3500,1800,200,600,15000,15800,13100,14300,42397800
Information Media and Telecommunications,,35.09,44.6,79.32,76.57,35.51,45.08,32.52,36.09,32.21,35.56,0.31,0.54,11900,14300,3600,1800,300,700,15800,16800,13700,15200,44126200
Information Media and Telecommunications,,35.55,43.36,87.76,87.77,35.98,43.78,33.23,36.37,32.96,36.02,0.27,0.35,11400,14000,3400,1700,300,400,15100,16200,13200,14900,42842700
Information Media and Telecommunications,,35.35,44.22,43.56,55.8,35.44,44.35,33.63,36.62,33.24,36.2,0.39,0.41,11500,13400,3300,1600,400,500,15100,15600,13100,14300,42103600
Information Media and Telecommunications,,35.86,43.9,44.11,66.74,35.91,44.13,33.25,35.8,33.02,35.44,0.23,0.36,11800,13500,3100,1600,400,600,15400,15700,13400,14300,41778400
Manufacturing,,23.57,27.53,28.62,32.55,23.77,27.84,34.96,41.13,33.57,38.58,1.39,2.55,37600,127500,9800,6900,3700,9100,51100,143500,42500,130900,193237800
Manufacturing,,23.72,27.89,28.67,32.6,23.85,28.14,34.97,41.01,34.04,38.91,0.93,2.1,37000,127400,8600,6400,3200,8300,48900,142100,41400,130600,192433400
Manufacturing,,24.18,28.22,26.62,32.76,24.25,28.43,33.99,40.45,32.97,38.64,1.01,1.81,35700,124800,8600,6000,3300,8700,47500,139400,40000,127800,186810700
Manufacturing,,23.9,27.83,26.47,32.69,23.98,28.08,34.81,40.55,33.7,38.41,1.11,2.13,36000,126300,8600,6400,3300,8000,47800,140700,40300,129500,188341600
Manufacturing,,23.74,28.22,28.48,32.0,23.91,28.42,35.63,41.8,34.39,39.54,1.24,2.25,39200,132400,8400,5900,3300,8500,50900,146800,43400,135300,204769200
Manufacturing,,24.14,28.79,28.68,32.92,24.27,28.99,35.69,40.79,34.72,38.78,0.97,2.01,38100,130700,8100,6600,3600,8000,49800,145400,42100,134000,202397400
Manufacturing,,24.55,29.05,28.25,33.19,24.66,29.24,34.85,40.43,33.85,38.6,0.99,1.83,35700,126000,8300,6100,3600,8000,47600,140200,39900,129100,194092200
Manufacturing,,24.49,29.12,28.74,32.99,24.63,29.32,35.0,40.91,33.88,38.84,1.12,2.07,37200,126300,8500,6300,3700,7400,49400,140000,41500,129400,198411200
Manufacturing,,24.97,29.12,26.83,33.6,25.03,29.34,34.06,40.44,32.97,38.47,1.09,1.97,38300,130200,8200,5400,3400,8000,50000,143500,42400,132800,200495700
Manufacturing,,24.59,29.22,28.27,33.6,24.69,29.45,35.01,41.01,34.06,38.9,0.96,2.11,39400,128400,8000,6500,3500,8100,50900,143000,43400,131700,203941800
Manufacturing,,24.7,29.68,27.93,32.76,24.8,29.84,35.02,40.61,34.02,38.53,1.0,2.08,37200,123000,8100,6800,3800,8100,49200,137900,41300,126400,196660100
Manufacturing,,24.93,29.64,27.41,32.95,25.01,29.83,34.66,40.98,33.48,38.71,1.18,2.27,37200,122800,9000,6900,3900,8000,50100,137700,41700,126200,198581800
Manufacturing,,25.57,30.16,27.57,32.73,25.63,30.29,34.87,40.26,33.69,38.2,1.18,2.06,38300,127300,8700,8100,3300,7600,50200,143000,42600,131300,207058600
Manufacturing,,25.04,29.3,27.46,32.76,25.12,29.5,35.97,41.53,34.84,39.15,1.13,2.37,39600,129300,8900,7800,3500,8700,51900,145800,44000,133200,211614300
Manufacturing,,25.24,30.05,29.15,33.73,25.35,30.23,34.62,40.47,33.67,38.44,0.95,2.03,37600,125700,8900,7300,3800,8400,50400,141400,42100,129400,203637300
Manufacturing,,25.58,30.06,29.64,34.42,25.69,30.29,34.65,40.4,33.7,38.27,0.95,2.13,37800,126700,8000,6700,3500,8700,49400,142100,41800,130100,204058500
Manufacturing,,26.02,30.32,31.13,34.89,26.17,30.56,35.57,40.18,34.56,38.11,1.01,2.07,39900,131600,7900,6600,3700,8400,51400,146600,43900,134800,214112000
Manufacturing,,25.89,30.15,29.48,35.0,25.99,30.42,35.77,41.87,34.72,39.52,1.06,2.36,39800,127600,8800,5800,3200,7700,51800,141100,44200,130500,215161000
Manufacturing,,26.34,30.82,28.97,34.52,26.41,31.0,34.53,40.64,33.56,38.58,0.97,2.07,38000,126300,10100,6500,3400,7900,51600,140800,43100,129600,211343000
Manufacturing,,26.01,30.99,29.23,35.44,26.11,31.23,34.1,40.79,33.05,38.6,1.05,2.19,39900,126400,10500,6400,3200,7100,53600,139900,45200,129600,214045200
"Professional, Scientific, Technical, Administrative and Support Services",,27.67,33.84,28.1,37.42,27.67,33.9,30.66,34.82,30.35,34.22,0.31,0.6,70400,88300,35100,23600,5200,14500,110700,126400,87900,100100,221533800
"Professional, Scientific, Technical, Administrative and Support Services",,27.72,33.71,30.39,36.95,27.74,33.75,31.18,34.69,30.95,34.24,0.22,0.45,74400,97300,34800,24900,4500,14400,113700,136600,91800,109800,237546000
"Professional, Scientific, Technical, Administrative and Support Services",,28.77,35.16,29.77,38.17,28.78,35.19,29.77,34.23,29.58,33.85,0.18,0.38,69100,89700,35500,24100,6600,15800,111300,129500,86900,101700,226662600
"Professional, Scientific, Technical, Administrative and Support Services",,28.85,35.6,28.65,37.34,28.85,35.62,30.13,33.97,29.95,33.57,0.17,0.4,71300,92300,34400,21700,6400,14400,112000,128400,88400,103100,229663300
"Professional, Scientific, Technical, Administrative and Support Services",,29.05,35.38,29.66,39.26,29.05,35.42,30.1,33.84,29.9,33.45,0.19,0.39,73600,95800,35300,23500,6800,15000,115800,134300,91300,107600,238272700
"Professional, Scientific, Technical, Administrative and Support Services",,28.71,35.33,29.83,40.32,28.72,35.39,31.02,34.73,30.83,34.33,0.19,0.4,75500,98700,33900,23800,5700,14400,115000,136900,92400,110600,247939600
"Professional, Scientific, Technical, Administrative and Support Services",,29.74,35.81,30.68,40.52,29.74,35.87,30.39,34.46,30.25,34.08,0.14,0.38,72100,94400,34100,23700,7000,14500,113300,132500,89200,106200,241950600
"Professional, Scientific, Technical, Administrative and Support Services",,29.95,36.51,30.38,39.79,29.95,36.54,30.47,34.93,30.31,34.54,0.16,0.39,72700,94700,35400,22100,5500,14700,113700,131500,90500,105800,247876600
"Professional, Scientific, Technical, Administrative and Support Services",,30.11,36.22,28.45,33.64,30.1,36.19,30.05,33.51,29.87,33.08,0.18,0.42,75400,100400,36700,28600,5700,13800,117800,142700,93700,114700,257756700
"Professional, Scientific, Technical, Administrative and Support Services",,30.15,36.62,33.31,39.99,30.16,36.66,30.03,33.6,29.91,33.27,0.13,0.33,75800,98400,38300,29200,5400,13900,119400,141600,94900,113000,260548600
"Professional, Scientific, Technical, Administrative and Support Services",,30.38,36.42,34.1,42.45,30.39,36.48,30.24,33.97,30.11,33.63,0.13,0.34,77400,100700,38800,28000,5500,14100,121700,142800,96800,114700,266286400
"Professional, Scientific, Technical, Administrative and Support Services",,30.02,36.17,34.63,40.45,30.04,36.21,30.4,34.5,30.26,34.17,0.14,0.33,80600,106800,39900,21800,6400,15200,126900,143800,100600,117700,270735700
"Professional, Scientific, Technical, Administrative and Support Services",,30.73,35.49,31.8,37.54,30.73,35.51,30.19,34.84,30.01,34.48,0.18,0.37,78900,109400,38600,24800,6100,15400,123600,149600,98200,121800,275143400
"Professional, Scientific, Technical, Administrative and Support Services",,30.55,36.12,30.85,32.68,30.55,36.06,30.31,34.79,30.13,34.23,0.18,0.56,81800,108100,43100,29200,6400,15500,131300,152800,103400,122700,287889300
"Professional, Scientific, Technical, Administrative and Support Services",,31.28,37.05,32.5,40.53,31.29,37.08,30.67,35.35,30.52,34.97,0.14,0.38,82000,107800,38500,23900,6300,15000,126700,146700,101200,119800,288332100
"Professional, Scientific, Technical, Administrative and Support Services",,31.76,36.93,32.93,40.59,31.77,36.98,30.48,35.8,30.32,35.34,0.16,0.46,82600,111100,42400,23900,6500,16400,131500,151500,103800,123100,299844500
"Professional, Scientific, Technical, Administrative and Support Services",,31.68,36.47,34.93,40.6,31.7,36.53,30.31,35.72,30.08,35.23,0.23,0.49,84300,114200,40600,24700,6000,15500,130900,154500,104600,126600,301355300
"Professional, Scientific, Technical, Administrative and Support Services",,31.45,36.22,36.3,45.32,31.48,36.34,30.54,35.49,30.38,35.03,0.16,0.46,83300,116100,43800,28500,6400,15200,133500,159700,105200,130300,308601400
"Professional, Scientific, Technical, Administrative and Support Services",,32.23,37.64,33.3,40.8,32.23,37.68,30.83,35.54,30.66,35.16,0.17,0.38,86000,108500,40500,25500,6600,15300,133100,149400,106300,121300,305233100
"Professional, Scientific, Technical, Administrative and Support Services",,32.69,39.04,32.45,47.95,32.69,39.15,30.76,35.89,30.59,35.46,0.17,0.43,87000,108200,42300,22800,7600,15900,136900,146900,108100,119600,314014500
Public Administration and Safety,,32.03,36.04,32.51,31.27,32.03,35.96,34.58,37.24,34.39,36.55,0.19,0.69,40400,43900,8600,5100,200,300,49200,49200,44700,46400,119773300
Public Administration and Safety,,31.87,35.55,31.58,33.44,31.87,35.5,35.18,38.02,34.9,37.17,0.28,0.85,40500,45000,8300,4400,200,300,49000,49700,44600,47200,121348300
Public Administration and Safety,,32.14,36.0,32.6,40.33,32.14,36.06,35.09,37.78,34.94,37.25,0.15,0.53,40000,44800,8600,4300,200,300,48800,49400,44300,47000,121839600
Public Administration and Safety,,32.7,36.94,23.61,40.42,32.63,36.99,35.42,37.66,35.18,37.08,0.25,0.58,40800,44800,7900,4300,200,200,48900,49400,44700,47000,124708500
Public Administration and Safety,,32.74,36.71,26.43,33.06,32.69,36.63,35.2,37.7,34.92,36.86,0.28,0.84,40800,44500,8500,5300,200,300,49500,50100,45100,47200,125548600
Public Administration and Safety,,32.87,36.99,34.57,36.93,32.88,36.99,35.77,38.57,35.55,37.87,0.22,0.7,40700,44400,7700,3800,100,300,48500,48500,44500,46300,125654700
Public Administration and Safety,,33.2,37.41,35.51,38.89,33.21,37.44,35.39,37.55,35.23,36.94,0.16,0.61,41000,44400,8300,4400,100,300,49500,49200,45200,46700,126750100
Public Administration and Safety,,33.31,37.58,33.92,37.14,33.31,37.57,35.77,37.12,35.59,36.48,0.18,0.64,42000,44600,8200,5100,200,300,50400,50000,46100,47200,129174300
Public Administration and Safety,,33.42,37.81,29.08,36.07,33.39,37.78,35.46,37.03,35.22,36.38,0.24,0.65,42800,45100,8700,5700,100,200,51700,51100,47200,48000,132221500
Public Administration and Safety,,33.52,38.21,32.43,38.25,33.51,38.21,35.48,37.14,35.22,36.47,0.25,0.67,42100,44500,8500,4900,200,200,50800,49600,46400,46900,130232000
Public Administration and Safety,,34.02,38.96,35.09,40.17,34.03,38.98,35.5,37.21,35.31,36.65,0.19,0.56,43100,45300,8700,4900,200,300,51900,50500,47400,47800,135289400
Public Administration and Safety,,34.69,39.09,34.93,42.45,34.69,39.15,35.99,37.93,35.74,37.17,0.25,0.76,44100,46700,8900,4900,100,200,53100,51800,48600,49100,142797600
Public Administration and Safety,,34.55,39.62,35.42,38.32,34.56,39.59,35.66,36.89,35.35,36.14,0.31,0.74,45200,46800,9000,5500,100,300,54300,52500,49700,49500,143010900
Public Administration and Safety,,34.88,39.17,37.63,39.38,34.91,39.18,35.6,38.07,35.29,37.37,0.3,0.7,43200,45400,8900,5000,100,300,52300,50700,47700,47900,140039100
Public Administration and Safety,,35.19,39.28,37.99,39.6,35.21,39.28,35.49,37.85,35.27,37.27,0.22,0.58,42800,45600,8900,4400,100,300,51800,50300,47200,47800,138902600
Public Administration and Safety,,35.7,39.99,35.98,39.56,35.7,39.98,35.27,37.86,35.03,37.18,0.24,0.68,45400,46500,9200,4700,100,300,54700,51500,50000,48800,146252200
Public Administration and Safety,,35.78,39.99,36.97,37.12,35.79,39.92,35.18,37.14,34.89,36.22,0.29,0.92,46200,47200,8800,4200,100,300,55100,51700,50600,49300,145582600
Public Administration and Safety,,35.95,39.76,37.55,41.57,35.96,39.79,35.81,38.75,35.53,37.99,0.28,0.77,45900,46500,8500,4000,100,300,54500,50700,50100,48500,147869000
Public Administration and Safety,,35.84,40.04,39.73,42.6,35.86,40.08,35.74,38.24,35.5,37.62,0.24,0.62,46700,46500,8900,4400,100,300,55700,51200,51100,48700,149304200
Public Administration and Safety,,36.35,40.36,39.53,57.61,36.38,40.58,35.93,37.01,35.69,36.54,0.24,0.46,47800,48600,8900,4900,100,200,56800,53700,52200,51000,154420300
"Rental, Hiring and Real Estate Services",,25.8,32.1,28.73,27.98,25.81,32.03,32.76,41.44,32.69,40.75,0.07,0.69,11000,10300,4100,900,1900,3700,16900,14900,13000,10800,27638700
"Rental, Hiring and Real Estate Services",,25.69,33.6,30.94,29.27,25.69,33.56,31.86,36.39,31.81,36.06,0.05,0.34,10400,10000,4000,1800,2200,3900,16600,15700,12400,10900,26234600
"Rental, Hiring and Real Estate Services",,26.73,32.93,53.05,29.87,26.76,32.92,30.48,36.63,30.44,36.41,0.03,0.22,9600,9900,4400,1900,1500,3800,15600,15600,11900,10800,25711800
"Rental, Hiring and Real Estate Services",,25.74,33.83,36.22,32.72,25.76,33.82,31.48,40.08,31.41,39.81,0.07,0.27,9900,10500,4500,1100,1300,3700,15700,15300,12200,11000,27369900
"Rental, Hiring and Real Estate Services",,26.45,33.0,36.12,34.62,26.48,33.02,31.37,35.39,31.29,34.96,0.08,0.43,10300,10600,4400,2200,1300,3700,15900,16500,12500,11700,27159200
"Rental, Hiring and Real Estate Services",,26.32,31.31,32.59,32.69,26.33,31.32,31.46,36.87,31.39,36.66,0.06,0.21,9800,11300,4500,1100,1500,3700,15800,16100,12000,11800,26138900
"Rental, Hiring and Real Estate Services",,27.49,32.03,42.27,37.54,27.52,32.07,31.52,38.15,31.44,37.86,0.08,0.29,10600,10900,4600,1500,1600,3700,16800,16100,12900,11600,28373300
"Rental, Hiring and Real Estate Services",,27.02,32.75,47.26,35.13,27.04,32.76,31.96,36.16,31.94,35.99,0.03,0.18,10900,11100,4600,1500,1800,4000,17300,16600,13200,11900,28333900
"Rental, Hiring and Real Estate Services",,27.03,31.95,28.44,28.54,27.03,31.92,31.89,38.58,31.81,38.24,0.08,0.33,10500,11200,4800,1800,2100,4000,17400,17100,12900,12100,29269100
"Rental, Hiring and Real Estate Services",,27.11,32.88,27.12,31.91,27.11,32.88,30.97,39.92,30.92,39.63,0.05,0.29,10100,11000,4800,1300,1800,3600,16700,15800,12500,11600,28494400
"Rental, Hiring and Real Estate Services",,27.2,32.94,34.47,36.2,27.21,32.96,32.72,37.67,32.67,37.46,0.04,0.2,10700,11200,3900,1200,1700,3700,16300,16100,12600,11800,28414500
"Rental, Hiring and Real Estate Services",,27.1,33.06,36.49,37.33,27.12,33.1,32.15,37.89,32.07,37.58,0.08,0.31,11100,11100,4700,2000,2000,4100,17800,17300,13400,12200,30286000
"Rental, Hiring and Real Estate Services",,27.32,32.55,24.83,26.1,27.31,32.52,33.58,37.64,33.42,37.45,0.16,0.19,11000,11200,4200,1600,1700,4100,17000,17000,13100,12000,29686400
"Rental, Hiring and Real Estate Services",,27.52,33.27,30.53,35.01,27.53,33.28,32.58,39.26,32.45,39.01,0.13,0.24,10800,10900,4700,1500,1700,4500,17200,16900,13100,11700,30091400
"Rental, Hiring and Real Estate Services",,28.81,34.37,30.41,35.83,28.81,34.38,32.66,38.42,32.59,38.15,0.06,0.28,9500,10200,3500,1300,2200,4900,15100,16400,11200,10800,27362000
"Rental, Hiring and Real Estate Services",,28.27,36.45,36.85,31.61,28.3,36.41,32.87,38.82,32.77,38.51,0.1,0.32,9500,10700,3500,1200,1900,4900,14900,16800,11200,11200,28748100
"Rental, Hiring and Real Estate Services",,28.3,36.73,24.43,31.82,28.29,36.69,31.75,37.24,31.63,36.99,0.12,0.25,9300,11000,4400,1500,2100,4700,15800,17100,11500,11700,29384100
"Rental, Hiring and Real Estate Services",,28.89,37.14,33.87,34.32,28.9,37.13,30.92,37.63,30.86,37.44,0.06,0.19,8900,10400,4200,1400,2000,4500,15100,16400,11000,11100,28247900
"Rental, Hiring and Real Estate Services",,27.92,37.08,27.9,34.7,27.92,37.06,30.48,36.98,30.36,36.78,0.12,0.2,9600,9600,5300,2000,2100,3400,17000,15000,12300,10600,28665300
"Rental, Hiring and Real Estate Services",,27.66,37.36,46.13,38.97,27.72,37.37,30.77,38.86,30.67,38.62,0.1,0.24,9400,9700,5400,1200,2200,4100,17000,15000,12100,10300,28462300
Retail Trade,,18.14,20.03,12.33,17.56,17.85,19.93,27.67,33.99,26.31,32.65,1.36,1.34,46400,47900,58500,22100,6500,10100,111400,80100,75700,59000,99299400
Retail Trade,,18.23,20.22,10.99,14.7,17.98,20.04,26.97,33.6,26.06,32.47,0.92,1.13,47200,47200,59100,21000,6700,9400,113000,77600,76800,57700,97493500
Retail Trade,,18.39,20.32,15.87,14.09,18.33,20.12,26.48,33.24,25.87,32.17,0.62,1.07,48200,47600,57500,23400,7300,9100,112900,80100,77000,59300,98815200
Retail Trade,,19.0,20.55,12.75,17.36,18.77,20.44,27.09,32.83,26.11,31.71,0.98,1.12,50700,48800,58800,25900,6900,9000,116400,83800,80100,61800,105859400
Retail Trade,,18.77,20.84,13.44,17.94,18.58,20.74,27.7,33.24,26.72,32.15,0.98,1.09,49600,49900,57400,22700,6900,8600,113900,81200,78300,61200,105137100
Retail Trade,,18.95,21.23,11.28,14.65,18.72,21.03,27.02,32.74,26.21,31.73,0.81,1.01,48500,48200,58800,23400,7100,8500,114500,80100,77900,59900,103592600
Retail Trade,,19.01,21.12,11.24,14.15,18.77,20.9,26.68,33.07,25.88,32.02,0.8,1.05,47700,46300,58000,22800,7600,8200,113300,77300,76700,57700,100699000
Retail Trade,,19.14,21.04,13.6,17.12,18.98,20.91,27.43,33.43,26.64,32.29,0.79,1.14,49500,49400,56800,23100,6900,8600,113200,81100,77900,61000,106055400
Retail Trade,,19.45,21.18,14.88,18.72,19.32,21.11,27.82,33.14,27.04,32.19,0.78,0.95,50900,52000,55400,22000,6900,8100,113200,82100,78600,63000,108874900
Retail Trade,,19.52,21.46,18.37,21.98,19.51,21.47,27.69,33.57,27.31,32.87,0.38,0.71,51600,53500,51600,22000,7900,8900,111200,84500,77400,64500,110234100
Retail Trade,,19.54,21.52,23.42,25.75,19.59,21.59,27.63,32.95,27.28,32.38,0.35,0.57,50400,52800,51800,22600,7200,9300,109400,84700,76300,64100,108971200
Retail Trade,,19.82,21.75,23.63,26.37,19.89,21.86,27.87,33.3,27.37,32.47,0.5,0.83,49100,52700,55400,23900,6900,8200,111400,84800,76800,64700,113741100
Retail Trade,,19.96,22.23,23.8,26.28,20.05,22.35,29.24,34.26,28.53,33.23,0.71,1.03,51200,54300,52600,23100,7000,8000,110800,85400,77500,65900,120149700
Retail Trade,,20.39,21.98,25.1,28.06,20.45,22.09,27.86,33.43,27.48,32.8,0.38,0.63,52900,53000,53800,23100,6300,8300,113000,84400,79800,64600,117008300
Retail Trade,,20.15,22.52,23.14,25.16,20.19,22.57,27.71,33.02,27.32,32.39,0.38,0.63,54800,54000,54500,24600,7300,8600,116700,87100,82100,66300,119733900
Retail Trade,,20.21,22.67,23.91,25.62,20.28,22.74,27.72,33.32,27.22,32.51,0.5,0.81,54700,56700,56000,25900,6700,8700,117400,91200,82700,69600,124795500
Retail Trade,,20.67,22.85,23.07,27.02,20.73,22.98,27.92,34.01,27.21,32.96,0.71,1.04,55500,57000,53700,23400,7300,9900,116600,90400,82400,68700,126134600
Retail Trade,,20.91,23.29,31.26,26.55,21.06,23.35,27.65,33.74,27.24,33.05,0.41,0.69,57600,56900,53300,23700,7100,8800,117900,89300,84200,68700,127994800
Retail Trade,,20.91,23.58,23.83,25.97,20.96,23.62,27.23,34.15,26.79,33.53,0.44,0.63,58200,57500,52500,23300,5700,7600,116300,88500,84400,69200,128391200
Retail Trade,,21.09,23.82,24.49,25.63,21.15,23.86,27.47,34.45,26.97,33.65,0.5,0.8,63100,57000,56700,24200,6800,8000,126600,89200,91500,69100,136380800
"Transport, Postal and Warehousing",,24.24,27.48,23.68,26.62,24.22,27.43,31.76,38.13,30.63,35.9,1.13,2.23,17000,45600,8300,9800,1900,4300,27100,59700,21100,50500,77372000
"Transport, Postal and Warehousing",,24.95,27.59,25.12,25.51,24.96,27.47,32.47,39.38,31.52,37.15,0.95,2.23,17200,45700,7900,9000,1900,2800,27000,57500,21200,50200,79502900
"Transport, Postal and Warehousing",,24.95,28.04,25.62,26.74,24.97,27.97,32.36,38.28,31.39,36.22,0.97,2.06,17400,44800,7800,9100,2100,3500,27300,57400,21300,49300,78031500
"Transport, Postal and Warehousing",,24.98,28.1,25.16,26.48,24.98,28.01,32.88,39.34,31.8,37.16,1.08,2.18,18800,47500,7300,8600,2200,4000,28300,60000,22400,51800,83168300
"Transport, Postal and Warehousing",,26.06,28.51,23.45,24.95,25.97,28.32,32.36,39.15,31.33,37.03,1.03,2.12,20200,47500,7900,9200,2300,4200,30300,60900,24100,52100,86386100
"Transport, Postal and Warehousing",,25.89,28.67,25.58,27.1,25.89,28.6,33.17,39.27,32.39,37.47,0.79,1.8,19100,45600,7700,8900,2000,3900,28800,58300,22900,50000,84139700
"Transport, Postal and Warehousing",,26.13,28.38,24.73,28.84,26.09,28.41,32.88,38.75,31.81,36.93,1.08,1.82,19100,46600,7500,9500,1800,3800,28400,59900,22800,51400,84571700
"Transport, Postal and Warehousing",,26.26,28.93,26.39,27.74,26.26,28.86,33.64,39.24,32.54,37.01,1.1,2.24,19400,46100,7100,9700,2000,3700,28400,59500,22900,51000,86650400
"Transport, Postal and Warehousing",,25.74,28.66,27.15,26.32,25.78,28.53,32.62,39.31,31.62,37.03,0.99,2.28,18000,47800,6800,7600,1600,3600,26400,58900,21400,51600,82914000
"Transport, Postal and Warehousing",,25.8,28.91,25.53,26.98,25.79,28.81,32.91,39.08,32.04,37.01,0.87,2.07,17800,46200,7200,10200,1900,3500,26900,59900,21500,51300,84809200
"Transport, Postal and Warehousing",,25.82,29.1,26.85,24.29,25.85,28.87,32.53,39.21,31.69,37.33,0.83,1.88,17300,49000,7500,9700,2000,3800,26800,62500,21000,53900,87328600
"Transport, Postal and Warehousing",,26.29,29.32,23.17,25.06,26.2,29.09,33.59,40.7,32.61,38.5,0.98,2.2,15300,45500,6500,9100,1700,3500,23400,58100,18500,50000,83753800
"Transport, Postal and Warehousing",,25.99,28.27,37.46,28.78,26.35,28.29,34.52,41.05,33.42,39.24,1.1,1.82,15400,48100,6000,7900,1600,3400,22900,59500,18400,52100,84536600
"Transport, Postal and Warehousing",,26.83,28.09,23.61,26.45,26.74,28.0,34.17,41.37,33.14,39.21,1.03,2.16,16400,47800,5400,6900,2100,4000,23900,58700,19100,51200,83237000
"Transport, Postal and Warehousing",,26.58,28.36,26.22,26.02,26.57,28.24,34.31,41.62,33.37,39.52,0.94,2.1,16300,47500,6400,6900,1600,3400,24300,57800,19500,50900,84612100
"Transport, Postal and Warehousing",,27.43,28.85,24.02,26.23,27.3,28.71,33.52,42.5,32.31,40.16,1.22,2.34,16600,48800,6500,6700,1700,3100,24800,58600,19800,52100,88812900
"Transport, Postal and Warehousing",,27.69,29.32,27.85,26.34,27.7,29.16,35.29,42.39,34.41,40.11,0.88,2.28,16600,47500,5000,6700,1600,3200,23200,57500,19100,50900,88214600
"Transport, Postal and Warehousing",,27.63,28.8,26.07,26.81,27.58,28.7,34.95,42.17,33.92,39.93,1.03,2.24,16400,47500,5100,7400,1800,3500,23200,58400,18900,51200,87096600
"Transport, Postal and Warehousing",,28.03,29.39,24.01,26.8,27.93,29.27,34.72,40.96,33.81,39.1,0.91,1.86,17300,48000,5000,7500,1600,3100,23900,58700,19800,51800,88235200
"Transport, Postal and Warehousing",,28.25,29.85,25.26,25.63,28.19,29.65,33.22,41.65,32.56,39.65,0.66,2.0,17500,48000,6000,6600,1600,3900,25100,58500,20500,51300,89441800
Wholesale Trade,,26.1,30.38,23.09,29.64,26.07,30.36,33.46,38.3,33.16,37.26,0.31,1.04,24700,58800,8600,4500,4400,4900,37700,68300,29000,61100,102693400
Wholesale Trade,,25.78,29.96,21.97,28.16,25.74,29.91,33.9,38.86,33.53,37.77,0.37,1.09,25100,58700,7900,3800,4500,5100,37500,67600,29100,60600,101484500
Wholesale Trade,,25.78,30.26,21.89,32.48,25.74,30.32,33.1,38.92,32.83,37.81,0.27,1.12,27100,59300,9800,4000,5900,5100,42800,68400,32000,61300,106168000
Wholesale Trade,,25.67,30.72,24.31,28.94,25.65,30.67,31.98,38.95,31.68,37.81,0.3,1.13,23800,57600,10900,4200,2200,4800,36900,66600,29200,59800,102353900
Wholesale Trade,,25.64,30.51,20.85,26.9,25.59,30.4,32.49,38.53,32.14,37.37,0.35,1.15,24200,56400,10600,4500,3400,4800,38100,65700,29500,58600,100192000
Wholesale Trade,,26.53,30.7,22.91,25.97,26.5,30.58,32.46,39.01,32.16,38.0,0.3,1.01,25800,57600,10500,3900,2600,5000,38900,66500,31000,59600,104621100
Wholesale Trade,,26.59,31.43,22.49,29.43,26.54,31.39,32.41,38.54,32.02,37.63,0.39,0.91,25900,59200,10400,4800,2000,5200,38200,69100,31100,61600,108508200
Wholesale Trade,,26.32,31.22,22.06,29.48,26.29,31.17,32.6,38.87,32.31,37.72,0.3,1.16,25900,58900,10500,5200,2000,5600,38400,69600,31100,61500,108763000
Wholesale Trade,,27.1,30.63,24.8,29.8,27.08,30.61,33.07,39.7,32.71,38.82,0.36,0.87,26600,62200,10200,4000,2000,5100,38700,71400,31700,64200,113395400
Wholesale Trade,,27.45,31.1,28.65,31.05,27.46,31.1,33.72,39.43,33.46,38.62,0.26,0.81,25900,60100,8900,4600,1900,4500,36700,69200,30400,62400,111540600
Wholesale Trade,,27.85,31.35,29.1,32.61,27.86,31.39,34.34,40.39,34.06,39.29,0.28,1.1,26100,61900,8400,4500,2100,5200,36600,71600,30300,64100,117113800
Wholesale Trade,,27.1,31.99,26.92,31.76,27.1,31.98,33.44,39.53,33.16,38.32,0.29,1.21,25700,59600,10300,5400,2100,5800,38100,70800,30900,62300,114747200
Wholesale Trade,,28.0,32.04,26.55,30.88,27.99,32.01,32.63,38.2,32.28,37.18,0.36,1.02,26700,62500,9900,5000,2100,5600,38600,73200,31600,65100,116022000
Wholesale Trade,,28.77,32.3,25.55,32.56,28.73,32.31,31.23,38.69,30.81,37.57,0.43,1.12,26200,58800,11900,5200,1700,5100,39800,69200,32100,61400,114176900
Wholesale Trade,,29.06,32.26,24.27,31.18,28.99,32.23,32.2,38.5,31.76,37.47,0.44,1.03,27200,61700,9700,4400,2100,6000,39000,72100,32000,63900,116455200
Wholesale Trade,,29.39,32.87,28.12,32.04,29.37,32.85,32.73,39.58,32.36,38.39,0.37,1.19,26800,61000,10800,4400,2700,5600,40300,71000,32300,63200,121229000
Wholesale Trade,,30.17,33.62,28.3,32.11,30.15,33.57,32.52,39.02,32.1,37.76,0.43,1.26,27200,61700,10500,4700,2400,5700,40100,72100,32400,64000,123881000
Wholesale Trade,,29.29,32.95,26.83,30.81,29.26,32.9,32.88,38.91,32.57,37.93,0.31,0.97,28800,64700,9800,5200,2900,5500,41500,75400,33700,67300,126653900
Wholesale Trade,,29.7,33.48,28.98,31.05,29.69,33.41,32.52,38.31,32.22,37.33,0.3,0.99,28600,66700,9800,4900,2500,5900,40900,77500,33500,69100,128740000
Wholesale Trade,,30.16,33.93,24.24,31.25,30.09,33.84,32.29,38.84,31.89,37.58,0.4,1.25,28700,66800,10800,4500,1700,5500,41200,76800,34100,69000,132004000
